{"is_source_file": false, "format": "", "description": "", "external_files": [], "external_methods": [], "published": [], "classes": [], "methods": [], "calls": [], "search-terms": [], "state": 2, "file_id": 7, "knowledge_revision": 24, "git_revision": "b205517875da7baf1e53a2e2b3ba6a9a124ca6bd", "hash": "6c2104b8d219ed99234ae2d6329f4357", "format-version": 4, "code-base-name": "flappy_bird_frontend", "filename": "flappy_bird_frontend/src/index.css", "revision_history": [{"24": "b205517875da7baf1e53a2e2b3ba6a9a124ca6bd"}]}