{"is_source_file": true, "format": "JavaScript (React JSX)", "description": "This source file defines a React component named App that manages a theme state ('light' or 'dark') and provides a toggle button to switch between themes, updating the document's data-theme attribute accordingly. The component renders a simple UI with a theme toggle button, logo, informational text, and a link to React documentation.", "external_files": ["./logo.svg", "./App.css"], "external_methods": ["React.useState", "React.useEffect"], "published": ["App"], "classes": [], "methods": [{"name": "App()", "description": "React functional component managing theme state, applying a theme attribute to the document, and rendering UI elements including a toggle button.", "scope": "", "scopeKind": ""}, {"name": "toggleTheme", "description": "Function toggling the theme state between 'light' and 'dark'."}], "calls": ["React.useState", "React.useEffect", "document.documentElement.setAttribute", "setTheme", "prevTheme => prevTheme === 'light' ? 'dark' : 'light'"], "search-terms": ["React component", "theme toggle", "useEffect", "useState", "App.js"], "state": 2, "file_id": 11, "knowledge_revision": 22, "git_revision": "b205517875da7baf1e53a2e2b3ba6a9a124ca6bd", "ctags": [{"_type": "tag", "name": "App", "path": "/home/kavia/workspace/code-generation/flappy-bird-web-game-320980-321000/flappy_bird_frontend/src/App.js", "pattern": "/^function App() {$/", "language": "JavaScript", "kind": "function", "signature": "()"}, {"_type": "tag", "name": "Switch to ${theme === 'light' ? 'dark' : 'light'} mode", "path": "/home/kavia/workspace/code-generation/flappy-bird-web-game-320980-321000/flappy_bird_frontend/src/App.js", "pattern": "/^          aria-label={`Switch to ${theme === 'light' ? 'dark' : 'light'} mode`}$/", "language": "JavaScript", "kind": "field", "scope": "App.aria", "scopeKind": "class"}, {"_type": "tag", "name": "toggleTheme", "path": "/home/kavia/workspace/code-generation/flappy-bird-web-game-320980-321000/flappy_bird_frontend/src/App.js", "pattern": "/^          onClick={toggleTheme}$/", "language": "JavaScript", "kind": "field", "scope": "App.onClick", "scopeKind": "class"}], "hash": "b55dd9e6a018e59207d8e277dffd9e11", "format-version": 4, "code-base-name": "flappy_bird_frontend", "filename": "flappy_bird_frontend/src/App.js", "fields": [{"name": "aria-label={`Switch to ${theme === 'light' ? 'dark' : 'light'} mode`}", "scope": "App.aria", "scopeKind": "class", "description": "unavailable"}, {"name": "onClick={toggleTheme}", "scope": "App.onClick", "scopeKind": "class", "description": "unavailable"}], "revision_history": [{"22": "b205517875da7baf1e53a2e2b3ba6a9a124ca6bd"}]}