{"is_source_file": false, "format": "", "description": "", "external_files": [], "external_methods": [], "published": [], "classes": [], "methods": [], "calls": [], "search-terms": [], "state": 2, "file_id": 5, "knowledge_revision": 20, "git_revision": "b205517875da7baf1e53a2e2b3ba6a9a124ca6bd", "hash": "be6538e7523bc2e9da0743133d784136", "format-version": 4, "code-base-name": "flappy_bird_frontend", "filename": "flappy_bird_frontend/eslint.config.mjs", "revision_history": [{"20": "b205517875da7baf1e53a2e2b3ba6a9a124ca6bd"}]}