{"is_source_file": false, "format": "", "description": "", "external_files": [], "external_methods": [], "published": [], "classes": [], "methods": [], "calls": [], "search-terms": [], "state": 2, "file_id": 9, "knowledge_revision": 16, "git_revision": "b205517875da7baf1e53a2e2b3ba6a9a124ca6bd", "hash": "22f9e17cc1848b56dbb244518ac2707e", "format-version": 4, "code-base-name": "flappy_bird_frontend", "filename": "flappy_bird_frontend/src/App.css", "revision_history": [{"16": "b205517875da7baf1e53a2e2b3ba6a9a124ca6bd"}]}