{"is_source_file": true, "format": "JavaScript (React)", "description": "This file is the entry point for a React-based front-end application, responsible for rendering the main App component into the DOM.", "external_files": ["react", "react-dom/client", "./index.css", "./App"], "external_methods": ["ReactDOM.createRoot", "ReactDOM.render"], "published": [], "classes": [], "methods": [{"name": "root.render", "description": "Renders the React component tree into the root DOM node."}], "calls": ["ReactDOM.createRoot", "root.render", "React.StrictMode", "App"], "search-terms": ["index.js", "ReactDOM", "React.StrictMode", "App", "public root element"], "state": 2, "file_id": 8, "knowledge_revision": 23, "git_revision": "b205517875da7baf1e53a2e2b3ba6a9a124ca6bd", "ctags": [{"_type": "tag", "name": "root", "path": "/home/kavia/workspace/code-generation/flappy-bird-web-game-320980-321000/flappy_bird_frontend/src/index.js", "pattern": "/^const root = ReactDOM.createRoot(document.getElementById('root'));$/", "language": "JavaScript", "kind": "constant"}], "hash": "9fc5841375336fc175b49f8767a11383", "format-version": 4, "code-base-name": "flappy_bird_frontend", "filename": "flappy_bird_frontend/src/index.js", "revision_history": [{"23": "b205517875da7baf1e53a2e2b3ba6a9a124ca6bd"}]}