{"is_source_file": false, "format": "", "description": "", "external_files": [], "external_methods": [], "published": [], "classes": [], "methods": [], "calls": [], "search-terms": [], "state": 2, "file_id": 3, "knowledge_revision": 25, "git_revision": "b205517875da7baf1e53a2e2b3ba6a9a124ca6bd", "hash": "d2b40d02d5f7873d8a6713bad837edd4", "format-version": 4, "code-base-name": "flappy_bird_frontend", "filename": "flappy_bird_frontend/public/index.html", "revision_history": [{"25": "b205517875da7baf1e53a2e2b3ba6a9a124ca6bd"}]}