{"is_source_file": true, "format": "JavaScript", "description": "This file is a test setup file for Jest testing framework, importing custom matchers from '@testing-library/jest-dom'.", "external_files": ["@testing-library/jest-dom"], "external_methods": [], "published": [], "classes": [], "methods": [], "calls": ["import '@testing-library/jest-dom'"], "search-terms": ["setupTests.js", "jest-dom", "testing-library", "Jest", "test setup"], "state": 2, "file_id": 6, "knowledge_revision": 18, "git_revision": "b205517875da7baf1e53a2e2b3ba6a9a124ca6bd", "ctags": [], "hash": "1a77571e1a8cf36018a41bcedf60db75", "format-version": 4, "code-base-name": "flappy_bird_frontend", "filename": "flappy_bird_frontend/src/setupTests.js", "revision_history": [{"18": "b205517875da7baf1e53a2e2b3ba6a9a124ca6bd"}]}