{"is_source_file": false, "format": null, "description": null, "external_files": [], "external_methods": [], "published": [], "classes": [], "methods": [], "calls": [], "search-terms": [], "state": 2, "file_id": 2, "knowledge_revision": 19, "git_revision": "b205517875da7baf1e53a2e2b3ba6a9a124ca6bd", "hash": "ebece526bc2eadd78ddd787a76c56607", "format-version": 4, "code-base-name": "flappy_bird_frontend", "filename": "flappy_bird_frontend/README.md", "revision_history": [{"19": "b205517875da7baf1e53a2e2b3ba6a9a124ca6bd"}]}