{"is_source_file": false, "format": "", "description": "", "external_files": [], "external_methods": [], "published": [], "classes": [], "methods": [], "calls": [], "search-terms": [], "state": 2, "file_id": 12, "knowledge_revision": 14, "git_revision": "b205517875da7baf1e53a2e2b3ba6a9a124ca6bd", "hash": "d001d53c059625c4bcf75bf5a7f3fcf0", "format-version": 4, "code-base-name": "flappy_bird_frontend", "filename": "flappy_bird_frontend/package.json", "revision_history": [{"14": "b205517875da7baf1e53a2e2b3ba6a9a124ca6bd"}]}