{"is_source_file": false, "format": "", "description": "", "external_files": [], "external_methods": [], "published": [], "classes": [], "methods": [], "calls": [], "search-terms": [], "state": 2, "file_id": 4, "knowledge_revision": 15, "git_revision": "b205517875da7baf1e53a2e2b3ba6a9a124ca6bd", "hash": "d9d975cebe2ec20b6c652e1e4c12ccf0", "format-version": 4, "code-base-name": "flappy_bird_frontend", "filename": "flappy_bird_frontend/public/manifest.json", "revision_history": [{"15": "b205517875da7baf1e53a2e2b3ba6a9a124ca6bd"}]}