{"is_source_file": false, "format": "", "description": "", "external_files": [], "external_methods": [], "published": [], "classes": [], "methods": [], "calls": [], "search-terms": [], "state": 2, "file_id": 1, "knowledge_revision": 17, "git_revision": "17206c85c38c61278f04c68e3bed9952d3574442", "hash": "3f72a9319da1fc88721f2583f608293a", "format-version": 4, "code-base-name": "flappy_bird_frontend", "filename": "README.md", "revision_history": [{"17": "17206c85c38c61278f04c68e3bed9952d3574442"}]}